date,coal_price_usd_per_mt,iron_ore_price_usd_per_dmt,source,source_date
1960-01-01,,11.4,World Bank Commodity Markets (Pink Sheet),"September 02, 2026"
1960-02-01,,11.4,World Bank Commodity Markets (Pink Sheet),"September 02, 2026"
1960-03-01,,11.4,World Bank Commodity Markets (Pink Sheet),"September 02, 2026"
1960-04-01,,11.4,World Bank Commodity Markets (Pink Sheet),"September 02, 2026"
1960-05-01,,11.4,World Bank Commodity Markets (Pink Sheet),"September 02, 2026"
1960-06-01,,11.4,World Bank Commodity Markets (Pink Sheet),"September 02, 2026"
1960-07-01,,11.4,World Bank Commodity Markets (Pink Sheet),"September 02, 2026"
1960-08-01,,11.4,World Bank Commodity Markets (Pink Sheet),"September 02, 2026"
1960-09-01,,11.4,World Bank Commodity Markets (Pink Sheet),"September 02, 2026"
1960-10-01,,11.4,World Bank Commodity Markets (Pink Sheet),"September 02, 2026"
1960-11-01,,11.4,World Bank Commodity Markets (Pink Sheet),"September 02, 2026"
1960-12-01,,11.4,World Bank Commodity Markets (Pink Sheet),"September 02, 2026"
1961-01-01,,11.0,World Bank Commodity Markets (Pink Sheet),"September 02, 2026"
1961-02-01,,11.0,World Bank Commodity Markets (Pink Sheet),"September 02, 2026"
1961-03-01,,11.0,World Bank Commodity Markets (Pink Sheet),"September 02, 2026"
1961-04-01,,11.0,World Bank Commodity Markets (Pink Sheet),"September 02, 2026"
1961-05-01,,11.0,World Bank Commodity Markets (Pink Sheet),"September 02, 2026"
1961-06-01,,11.0,World Bank Commodity Markets (Pink Sheet),"September 02, 2026"
1961-07-01,,11.0,World Bank Commodity Markets (Pink Sheet),"September 02, 2026"
1961-08-01,,11.0,World Bank Commodity Markets (Pink Sheet),"September 02, 2026"
1961-09-01,,11.0,World Bank Commodity Markets (Pink Sheet),"September 02, 2026"
1961-10-01,,11.0,World Bank Commodity Markets (Pink Sheet),"September 02, 2026"
1961-11-01,,11.0,World Bank Commodity Markets (Pink Sheet),"September 02, 2026"
1961-12-01,,11.0,World Bank Commodity Markets (Pink Sheet),"September 02, 2026"
1962-01-01,,11.0,World Bank Commodity Markets (Pink Sheet),"September 02, 2026"
1962-02-01,,11.0,World Bank Commodity Markets (Pink Sheet),"September 02, 2026"
1962-03-01,,11.0,World Bank Commodity Markets (Pink Sheet),"September 02, 2026"
1962-04-01,,11.0,World Bank Commodity Markets (Pink Sheet),"September 02, 2026"
1962-05-01,,11.0,World Bank Commodity Markets (Pink Sheet),"September 02, 2026"
1962-06-01,,11.0,World Bank Commodity Markets (Pink Sheet),"September 02, 2026"
1962-07-01,,11.0,World Bank Commodity Markets (Pink Sheet),"September 02, 2026"
1962-08-01,,11.0,World Bank Commodity Markets (Pink Sheet),"September 02, 2026"
1962-09-01,,11.0,World Bank Commodity Markets (Pink Sheet),"September 02, 2026"
1962-10-01,,11.0,World Bank Commodity Markets (Pink Sheet),"September 02, 2026"
1962-11-01,,11.0,World Bank Commodity Markets (Pink Sheet),"September 02, 2026"
1962-12-01,,11.0,World Bank Commodity Markets (Pink Sheet),"September 02, 2026"
1963-01-01,,11.0,World Bank Commodity Markets (Pink Sheet),"September 02, 2026"
1963-02-01,,11.0,World Bank Commodity Markets (Pink Sheet),"September 02, 2026"
1963-03-01,,11.0,World Bank Commodity Markets (Pink Sheet),"September 02, 2026"
1963-04-01,,11.0,World Bank Commodity Markets (Pink Sheet),"September 02, 2026"
1963-05-01,,11.0,World Bank Commodity Markets (Pink Sheet),"September 02, 2026"
1963-06-01,,11.0,World Bank Commodity Markets (Pink Sheet),"September 02, 2026"
1963-07-01,,11.0,World Bank Commodity Markets (Pink Sheet),"September 02, 2026"
1963-08-01,,11.0,World Bank Commodity Markets (Pink Sheet),"September 02, 2026"
1963-09-01,,11.0,World Bank Commodity Markets (Pink Sheet),"September 02, 2026"
1963-10-01,,11.0,World Bank Commodity Markets (Pink Sheet),"September 02, 2026"
1963-11-01,,11.0,World Bank Commodity Markets (Pink Sheet),"September 02, 2026"
1963-12-01,,11.0,World Bank Commodity Markets (Pink Sheet),"September 02, 2026"
1964-01-01,,10.2,World Bank Commodity Markets (Pink Sheet),"September 02, 2026"
1964-02-01,,10.2,World Bank Commodity Markets (Pink Sheet),"September 02, 2026"
1964-03-01,,10.2,World Bank Commodity Markets (Pink Sheet),"September 02, 2026"
1964-04-01,,10.2,World Bank Commodity Markets (Pink Sheet),"September 02, 2026"
1964-05-01,,10.2,World Bank Commodity Markets (Pink Sheet),"September 02, 2026"
1964-06-01,,10.2,World Bank Commodity Markets (Pink Sheet),"September 02, 2026"
1964-07-01,,10.2,World Bank Commodity Markets (Pink Sheet),"September 02, 2026"
1964-08-01,,10.2,World Bank Commodity Markets (Pink Sheet),"September 02, 2026"
1964-09-01,,10.2,World Bank Commodity Markets (Pink Sheet),"September 02, 2026"
1964-10-01,,10.2,World Bank Commodity Markets (Pink Sheet),"September 02, 2026"
1964-11-01,,10.2,World Bank Commodity Markets (Pink Sheet),"September 02, 2026"
1964-12-01,,10.2,World Bank Commodity Markets (Pink Sheet),"September 02, 2026"
1965-01-01,,10.2,World Bank Commodity Markets (Pink Sheet),"September 02, 2026"
1965-02-01,,10.2,World Bank Commodity Markets (Pink Sheet),"September 02, 2026"
1965-03-01,,10.2,World Bank Commodity Markets (Pink Sheet),"September 02, 2026"
1965-04-01,,10.2,World Bank Commodity Markets (Pink Sheet),"September 02, 2026"
1965-05-01,,15.3,World Bank Commodity Markets (Pink Sheet),"September 02, 2026"
1965-06-01,,10.2,World Bank Commodity Markets (Pink Sheet),"September 02, 2026"
1965-07-01,,10.2,World Bank Commodity Markets (Pink Sheet),"September 02, 2026"
1965-08-01,,10.2,World Bank Commodity Markets (Pink Sheet),"September 02, 2026"
1965-09-01,,10.2,World Bank Commodity Markets (Pink Sheet),"September 02, 2026"
1965-10-01,,10.2,World Bank Commodity Markets (Pink Sheet),"September 02, 2026"
1965-11-01,,10.2,World Bank Commodity Markets (Pink Sheet),"September 02, 2026"
1965-12-01,,10.2,World Bank Commodity Markets (Pink Sheet),"September 02, 2026"
1966-01-01,,9.5,World Bank Commodity Markets (Pink Sheet),"September 02, 2026"
1966-02-01,,9.5,World Bank Commodity Markets (Pink Sheet),"September 02, 2026"
1966-03-01,,9.5,World Bank Commodity Markets (Pink Sheet),"September 02, 2026"
1966-04-01,,9.5,World Bank Commodity Markets (Pink Sheet),"September 02, 2026"
1966-05-01,,9.5,World Bank Commodity Markets (Pink Sheet),"September 02, 2026"
1966-06-01,,9.5,World Bank Commodity Markets (Pink Sheet),"September 02, 2026"
1966-07-01,,9.5,World Bank Commodity Markets (Pink Sheet),"September 02, 2026"
1966-08-01,,9.5,World Bank Commodity Markets (Pink Sheet),"September 02, 2026"
1966-09-01,,9.5,World Bank Commodity Markets (Pink Sheet),"September 02, 2026"
1966-10-01,,9.5,World Bank Commodity Markets (Pink Sheet),"September 02, 2026"
1966-11-01,,9.5,World Bank Commodity Markets (Pink Sheet),"September 02, 2026"
1966-12-01,,9.5,World Bank Commodity Markets (Pink Sheet),"September 02, 2026"
1967-01-01,,8.9,World Bank Commodity Markets (Pink Sheet),"September 02, 2026"
1967-02-01,,8.9,World Bank Commodity Markets (Pink Sheet),"September 02, 2026"
1967-03-01,,8.9,World Bank Commodity Markets (Pink Sheet),"September 02, 2026"
1967-04-01,,8.9,World Bank Commodity Markets (Pink Sheet),"September 02, 2026"
1967-05-01,,8.9,World Bank Commodity Markets (Pink Sheet),"September 02, 2026"
1967-06-01,,8.9,World Bank Commodity Markets (Pink Sheet),"September 02, 2026"
1967-07-01,,8.9,World Bank Commodity Markets (Pink Sheet),"September 02, 2026"
1967-08-01,,8.9,World Bank Commodity Markets (Pink Sheet),"September 02, 2026"
1967-09-01,,8.9,World Bank Commodity Markets (Pink Sheet),"September 02, 2026"
1967-10-01,,8.9,World Bank Commodity Markets (Pink Sheet),"September 02, 2026"
1967-11-01,,8.9,World Bank Commodity Markets (Pink Sheet),"September 02, 2026"
1967-12-01,,8.9,World Bank Commodity Markets (Pink Sheet),"September 02, 2026"
1968-01-01,,8.8,World Bank Commodity Markets (Pink Sheet),"September 02, 2026"
1968-02-01,,8.8,World Bank Commodity Markets (Pink Sheet),"September 02, 2026"
1968-03-01,,8.8,World Bank Commodity Markets (Pink Sheet),"September 02, 2026"
1968-04-01,,8.8,World Bank Commodity Markets (Pink Sheet),"September 02, 2026"
1968-05-01,,8.8,World Bank Commodity Markets (Pink Sheet),"September 02, 2026"
1968-06-01,,8.8,World Bank Commodity Markets (Pink Sheet),"September 02, 2026"
1968-07-01,,8.8,World Bank Commodity Markets (Pink Sheet),"September 02, 2026"
1968-08-01,,8.8,World Bank Commodity Markets (Pink Sheet),"September 02, 2026"
1968-09-01,,8.8,World Bank Commodity Markets (Pink Sheet),"September 02, 2026"
1968-10-01,,8.8,World Bank Commodity Markets (Pink Sheet),"September 02, 2026"
1968-11-01,,8.8,World Bank Commodity Markets (Pink Sheet),"September 02, 2026"
1968-12-01,,8.8,World Bank Commodity Markets (Pink Sheet),"September 02, 2026"
1969-01-01,,9.8,World Bank Commodity Markets (Pink Sheet),"September 02, 2026"
1969-02-01,,9.8,World Bank Commodity Markets (Pink Sheet),"September 02, 2026"
1969-03-01,,9.8,World Bank Commodity Markets (Pink Sheet),"September 02, 2026"
1969-04-01,,9.8,World Bank Commodity Markets (Pink Sheet),"September 02, 2026"
1969-05-01,,9.8,World Bank Commodity Markets (Pink Sheet),"September 02, 2026"
1969-06-01,,9.8,World Bank Commodity Markets (Pink Sheet),"September 02, 2026"
1969-07-01,,9.8,World Bank Commodity Markets (Pink Sheet),"September 02, 2026"
1969-08-01,,9.8,World Bank Commodity Markets (Pink Sheet),"September 02, 2026"
1969-09-01,,9.8,World Bank Commodity Markets (Pink Sheet),"September 02, 2026"
1969-10-01,,9.8,World Bank Commodity Markets (Pink Sheet),"September 02, 2026"
1969-11-01,,9.8,World Bank Commodity Markets (Pink Sheet),"September 02, 2026"
1969-12-01,,9.8,World Bank Commodity Markets (Pink Sheet),"September 02, 2026"
1970-01-01,7.8,9.8,World Bank Commodity Markets (Pink Sheet),"September 02, 2026"
1970-02-01,7.8,9.8,World Bank Commodity Markets (Pink Sheet),"September 02, 2026"
1970-03-01,7.8,9.8,World Bank Commodity Markets (Pink Sheet),"September 02, 2026"
1970-04-01,7.8,9.8,World Bank Commodity Markets (Pink Sheet),"September 02, 2026"
1970-05-01,7.8,9.8,World Bank Commodity Markets (Pink Sheet),"September 02, 2026"
1970-06-01,7.8,9.8,World Bank Commodity Markets (Pink Sheet),"September 02, 2026"
1970-07-01,7.8,9.8,World Bank Commodity Markets (Pink Sheet),"September 02, 2026"
1970-08-01,7.8,9.8,World Bank Commodity Markets (Pink Sheet),"September 02, 2026"
1970-09-01,7.8,9.8,World Bank Commodity Markets (Pink Sheet),"September 02, 2026"
1970-10-01,7.8,9.8,World Bank Commodity Markets (Pink Sheet),"September 02, 2026"
1970-11-01,7.8,9.8,World Bank Commodity Markets (Pink Sheet),"September 02, 2026"
1970-12-01,7.8,9.8,World Bank Commodity Markets (Pink Sheet),"September 02, 2026"
1971-01-01,8.7,10.3,World Bank Commodity Markets (Pink Sheet),"September 02, 2026"
1971-02-01,8.7,10.3,World Bank Commodity Markets (Pink Sheet),"September 02, 2026"
1971-03-01,8.7,10.3,World Bank Commodity Markets (Pink Sheet),"September 02, 2026"
1971-04-01,8.7,10.3,World Bank Commodity Markets (Pink Sheet),"September 02, 2026"
1971-05-01,8.7,10.3,World Bank Commodity Markets (Pink Sheet),"September 02, 2026"
1971-06-01,8.7,10.3,World Bank Commodity Markets (Pink Sheet),"September 02, 2026"
1971-07-01,8.7,10.3,World Bank Commodity Markets (Pink Sheet),"September 02, 2026"
1971-08-01,8.7,10.3,World Bank Commodity Markets (Pink Sheet),"September 02, 2026"
1971-09-01,8.7,10.3,World Bank Commodity Markets (Pink Sheet),"September 02, 2026"
1971-10-01,8.7,10.3,World Bank Commodity Markets (Pink Sheet),"September 02, 2026"
1971-11-01,8.7,10.3,World Bank Commodity Markets (Pink Sheet),"September 02, 2026"
1971-12-01,8.7,10.3,World Bank Commodity Markets (Pink Sheet),"September 02, 2026"
1972-01-01,9.6,10.3,World Bank Commodity Markets (Pink Sheet),"September 02, 2026"
1972-02-01,9.6,10.3,World Bank Commodity Markets (Pink Sheet),"September 02, 2026"
1972-03-01,9.6,10.3,World Bank Commodity Markets (Pink Sheet),"September 02, 2026"
1972-04-01,9.6,10.3,World Bank Commodity Markets (Pink Sheet),"September 02, 2026"
1972-05-01,9.6,10.3,World Bank Commodity Markets (Pink Sheet),"September 02, 2026"
1972-06-01,9.6,10.3,World Bank Commodity Markets (Pink Sheet),"September 02, 2026"
1972-07-01,9.6,10.3,World Bank Commodity Markets (Pink Sheet),"September 02, 2026"
1972-08-01,9.6,10.3,World Bank Commodity Markets (Pink Sheet),"September 02, 2026"
1972-09-01,9.6,10.3,World Bank Commodity Markets (Pink Sheet),"September 02, 2026"
1972-10-01,9.6,10.3,World Bank Commodity Markets (Pink Sheet),"September 02, 2026"
1972-11-01,9.6,10.3,World Bank Commodity Markets (Pink Sheet),"September 02, 2026"
1972-12-01,9.6,10.3,World Bank Commodity Markets (Pink Sheet),"September 02, 2026"
1973-01-01,11.5,10.3,World Bank Commodity Markets (Pink Sheet),"September 02, 2026"
1973-02-01,11.5,10.3,World Bank Commodity Markets (Pink Sheet),"September 02, 2026"
1973-03-01,11.5,10.3,World Bank Commodity Markets (Pink Sheet),"September 02, 2026"
1973-04-01,11.5,10.3,World Bank Commodity Markets (Pink Sheet),"September 02, 2026"
1973-05-01,11.5,10.3,World Bank Commodity Markets (Pink Sheet),"September 02, 2026"
1973-06-01,11.5,10.3,World Bank Commodity Markets (Pink Sheet),"September 02, 2026"
1973-07-01,11.5,10.3,World Bank Commodity Markets (Pink Sheet),"September 02, 2026"
1973-08-01,11.5,10.3,World Bank Commodity Markets (Pink Sheet),"September 02, 2026"
1973-09-01,11.5,10.3,World Bank Commodity Markets (Pink Sheet),"September 02, 2026"
1973-10-01,11.5,10.3,World Bank Commodity Markets (Pink Sheet),"September 02, 2026"
1973-11-01,11.5,10.3,World Bank Commodity Markets (Pink Sheet),"September 02, 2026"
1973-12-01,11.5,10.3,World Bank Commodity Markets (Pink Sheet),"September 02, 2026"
1974-01-01,16.9,13.4,World Bank Commodity Markets (Pink Sheet),"September 02, 2026"
1974-02-01,16.9,13.4,World Bank Commodity Markets (Pink Sheet),"September 02, 2026"
1974-03-01,16.9,13.4,World Bank Commodity Markets (Pink Sheet),"September 02, 2026"
1974-04-01,16.9,13.4,World Bank Commodity Markets (Pink Sheet),"September 02, 2026"
1974-05-01,16.9,13.4,World Bank Commodity Markets (Pink Sheet),"September 02, 2026"
1974-06-01,16.9,13.4,World Bank Commodity Markets (Pink Sheet),"September 02, 2026"
1974-07-01,16.9,13.4,World Bank Commodity Markets (Pink Sheet),"September 02, 2026"
1974-08-01,16.9,13.4,World Bank Commodity Markets (Pink Sheet),"September 02, 2026"
1974-09-01,16.9,13.4,World Bank Commodity Markets (Pink Sheet),"September 02, 2026"
1974-10-01,16.9,13.4,World Bank Commodity Markets (Pink Sheet),"September 02, 2026"
1974-11-01,16.9,13.4,World Bank Commodity Markets (Pink Sheet),"September 02, 2026"
1974-12-01,16.9,13.4,World Bank Commodity Markets (Pink Sheet),"September 02, 2026"
1975-01-01,26.8,17.3,World Bank Commodity Markets (Pink Sheet),"September 02, 2026"
1975-02-01,26.8,17.3,World Bank Commodity Markets (Pink Sheet),"September 02, 2026"
1975-03-01,26.8,17.3,World Bank Commodity Markets (Pink Sheet),"September 02, 2026"
1975-04-01,26.8,17.3,World Bank Commodity Markets (Pink Sheet),"September 02, 2026"
1975-05-01,26.8,17.3,World Bank Commodity Markets (Pink Sheet),"September 02, 2026"
1975-06-01,26.8,17.3,World Bank Commodity Markets (Pink Sheet),"September 02, 2026"
1975-07-01,26.8,17.3,World Bank Commodity Markets (Pink Sheet),"September 02, 2026"
1975-08-01,26.8,17.3,World Bank Commodity Markets (Pink Sheet),"September 02, 2026"
1975-09-01,26.8,17.3,World Bank Commodity Markets (Pink Sheet),"September 02, 2026"
1975-10-01,26.8,17.3,World Bank Commodity Markets (Pink Sheet),"September 02, 2026"
1975-11-01,26.8,17.3,World Bank Commodity Markets (Pink Sheet),"September 02, 2026"
1975-12-01,26.8,17.3,World Bank Commodity Markets (Pink Sheet),"September 02, 2026"
1976-01-01,27.2,22.7,World Bank Commodity Markets (Pink Sheet),"September 02, 2026"
1976-02-01,27.2,22.7,World Bank Commodity Markets (Pink Sheet),"September 02, 2026"
1976-03-01,27.2,22.7,World Bank Commodity Markets (Pink Sheet),"September 02, 2026"
1976-04-01,27.2,22.7,World Bank Commodity Markets (Pink Sheet),"September 02, 2026"
1976-05-01,27.2,22.7,World Bank Commodity Markets (Pink Sheet),"September 02, 2026"
1976-06-01,27.2,22.7,World Bank Commodity Markets (Pink Sheet),"September 02, 2026"
1976-07-01,27.2,22.7,World Bank Commodity Markets (Pink Sheet),"September 02, 2026"
1976-08-01,27.2,22.7,World Bank Commodity Markets (Pink Sheet),"September 02, 2026"
1976-09-01,27.2,22.7,World Bank Commodity Markets (Pink Sheet),"September 02, 2026"
1976-10-01,27.2,22.7,World Bank Commodity Markets (Pink Sheet),"September 02, 2026"
1976-11-01,27.2,22.7,World Bank Commodity Markets (Pink Sheet),"September 02, 2026"
1976-12-01,27.2,22.7,World Bank Commodity Markets (Pink Sheet),"September 02, 2026"
1977-01-01,28.7,23.1,World Bank Commodity Markets (Pink Sheet),"September 02, 2026"
1977-02-01,28.7,23.1,World Bank Commodity Markets (Pink Sheet),"September 02, 2026"
1977-03-01,28.7,23.1,World Bank Commodity Markets (Pink Sheet),"September 02, 2026"
1977-04-01,28.7,23.1,World Bank Commodity Markets (Pink Sheet),"September 02, 2026"
1977-05-01,28.7,23.1,World Bank Commodity Markets (Pink Sheet),"September 02, 2026"
1977-06-01,28.7,23.1,World Bank Commodity Markets (Pink Sheet),"September 02, 2026"
1977-07-01,28.7,23.1,World Bank Commodity Markets (Pink Sheet),"September 02, 2026"
1977-08-01,28.7,23.1,World Bank Commodity Markets (Pink Sheet),"September 02, 2026"
1977-09-01,28.7,23.1,World Bank Commodity Markets (Pink Sheet),"September 02, 2026"
1977-10-01,28.7,23.1,World Bank Commodity Markets (Pink Sheet),"September 02, 2026"
1977-11-01,28.7,23.1,World Bank Commodity Markets (Pink Sheet),"September 02, 2026"
1977-12-01,28.7,23.1,World Bank Commodity Markets (Pink Sheet),"September 02, 2026"
1978-01-01,27.9,21.5,World Bank Commodity Markets (Pink Sheet),"September 02, 2026"
1978-02-01,27.1,21.5,World Bank Commodity Markets (Pink Sheet),"September 02, 2026"
1978-03-01,27.1,21.5,World Bank Commodity Markets (Pink Sheet),"September 02, 2026"
1978-04-01,27.1,21.5,World Bank Commodity Markets (Pink Sheet),"September 02, 2026"
1978-05-01,28.6,21.5,World Bank Commodity Markets (Pink Sheet),"September 02, 2026"
1978-06-01,30.2,21.5,World Bank Commodity Markets (Pink Sheet),"September 02, 2026"
1978-07-01,30.2,21.5,World Bank Commodity Markets (Pink Sheet),"September 02, 2026"
1978-08-01,30.2,21.5,World Bank Commodity Markets (Pink Sheet),"September 02, 2026"
1978-09-01,30.2,21.5,World Bank Commodity Markets (Pink Sheet),"September 02, 2026"
1978-10-01,30.2,21.5,World Bank Commodity Markets (Pink Sheet),"September 02, 2026"
1978-11-01,30.2,21.5,World Bank Commodity Markets (Pink Sheet),"September 02, 2026"
1978-12-01,30.2,21.5,World Bank Commodity Markets (Pink Sheet),"September 02, 2026"
1979-01-01,30.2,23.5,World Bank Commodity Markets (Pink Sheet),"September 02, 2026"
1979-02-01,30.2,23.5,World Bank Commodity Markets (Pink Sheet),"September 02, 2026"
1979-03-01,30.2,23.5,World Bank Commodity Markets (Pink Sheet),"September 02, 2026"
1979-04-01,30.2,23.5,World Bank Commodity Markets (Pink Sheet),"September 02, 2026"
1979-05-01,30.2,23.5,World Bank Commodity Markets (Pink Sheet),"September 02, 2026"
1979-06-01,30.2,23.5,World Bank Commodity Markets (Pink Sheet),"September 02, 2026"
1979-07-01,30.2,23.5,World Bank Commodity Markets (Pink Sheet),"September 02, 2026"
1979-08-01,31.3,23.5,World Bank Commodity Markets (Pink Sheet),"September 02, 2026"
1979-09-01,31.3,23.5,World Bank Commodity Markets (Pink Sheet),"September 02, 2026"
1979-10-01,32.4,23.5,World Bank Commodity Markets (Pink Sheet),"September 02, 2026"
1979-11-01,32.4,23.5,World Bank Commodity Markets (Pink Sheet),"September 02, 2026"
1979-12-01,32.4,23.5,World Bank Commodity Markets (Pink Sheet),"September 02, 2026"
1980-01-01,32.4,28.1,World Bank Commodity Markets (Pink Sheet),"September 02, 2026"
1980-02-01,32.4,28.1,World Bank Commodity Markets (Pink Sheet),"September 02, 2026"
1980-03-01,32.4,28.1,World Bank Commodity Markets (Pink Sheet),"September 02, 2026"
1980-04-01,39.5,28.1,World Bank Commodity Markets (Pink Sheet),"September 02, 2026"
1980-05-01,40.1,28.1,World Bank Commodity Markets (Pink Sheet),"September 02, 2026"
1980-06-01,40.7,28.1,World Bank Commodity Markets (Pink Sheet),"September 02, 2026"
1980-07-01,40.7,28.1,World Bank Commodity Markets (Pink Sheet),"September 02, 2026"
1980-08-01,44.2,28.1,World Bank Commodity Markets (Pink Sheet),"September 02, 2026"
1980-09-01,44.6,28.1,World Bank Commodity Markets (Pink Sheet),"September 02, 2026"
1980-10-01,44.6,28.1,World Bank Commodity Markets (Pink Sheet),"September 02, 2026"
1980-11-01,45.0,28.1,World Bank Commodity Markets (Pink Sheet),"September 02, 2026"
1980-12-01,45.0,28.1,World Bank Commodity Markets (Pink Sheet),"September 02, 2026"
1981-01-01,45.0,28.1,World Bank Commodity Markets (Pink Sheet),"September 02, 2026"
1981-02-01,45.0,28.1,World Bank Commodity Markets (Pink Sheet),"September 02, 2026"
1981-03-01,45.0,28.1,World Bank Commodity Markets (Pink Sheet),"September 02, 2026"
1981-04-01,56.5,28.1,World Bank Commodity Markets (Pink Sheet),"September 02, 2026"
1981-05-01,56.5,28.1,World Bank Commodity Markets (Pink Sheet),"September 02, 2026"
1981-06-01,56.5,28.1,World Bank Commodity Markets (Pink Sheet),"September 02, 2026"
1981-07-01,56.5,28.1,World Bank Commodity Markets (Pink Sheet),"September 02, 2026"
1981-08-01,56.5,28.1,World Bank Commodity Markets (Pink Sheet),"September 02, 2026"
1981-09-01,56.5,28.1,World Bank Commodity Markets (Pink Sheet),"September 02, 2026"
1981-10-01,56.5,28.1,World Bank Commodity Markets (Pink Sheet),"September 02, 2026"
1981-11-01,56.5,28.1,World Bank Commodity Markets (Pink Sheet),"September 02, 2026"
1981-12-01,56.5,28.1,World Bank Commodity Markets (Pink Sheet),"September 02, 2026"
1982-01-01,55.6,32.5,World Bank Commodity Markets (Pink Sheet),"September 02, 2026"
1982-02-01,55.6,32.5,World Bank Commodity Markets (Pink Sheet),"September 02, 2026"
1982-03-01,55.6,32.5,World Bank Commodity Markets (Pink Sheet),"September 02, 2026"
1982-04-01,55.6,32.5,World Bank Commodity Markets (Pink Sheet),"September 02, 2026"
1982-05-01,55.6,32.5,World Bank Commodity Markets (Pink Sheet),"September 02, 2026"
1982-06-01,55.6,32.5,World Bank Commodity Markets (Pink Sheet),"September 02, 2026"
1982-07-01,55.6,32.5,World Bank Commodity Markets (Pink Sheet),"September 02, 2026"
1982-08-01,55.6,32.5,World Bank Commodity Markets (Pink Sheet),"September 02, 2026"
1982-09-01,55.6,32.5,World Bank Commodity Markets (Pink Sheet),"September 02, 2026"
1982-10-01,55.6,32.5,World Bank Commodity Markets (Pink Sheet),"September 02, 2026"
1982-11-01,55.6,32.5,World Bank Commodity Markets (Pink Sheet),"September 02, 2026"
1982-12-01,45.5,32.5,World Bank Commodity Markets (Pink Sheet),"September 02, 2026"
1983-01-01,43.0,29.0,World Bank Commodity Markets (Pink Sheet),"September 02, 2026"
1983-02-01,43.0,29.0,World Bank Commodity Markets (Pink Sheet),"September 02, 2026"
1983-03-01,43.0,29.0,World Bank Commodity Markets (Pink Sheet),"September 02, 2026"
1983-04-01,43.0,29.0,World Bank Commodity Markets (Pink Sheet),"September 02, 2026"
1983-05-01,43.0,29.0,World Bank Commodity Markets (Pink Sheet),"September 02, 2026"
1983-06-01,43.0,29.0,World Bank Commodity Markets (Pink Sheet),"September 02, 2026"
1983-07-01,34.8,29.0,World Bank Commodity Markets (Pink Sheet),"September 02, 2026"
1983-08-01,34.8,29.0,World Bank Commodity Markets (Pink Sheet),"September 02, 2026"
1983-09-01,34.8,29.0,World Bank Commodity Markets (Pink Sheet),"September 02, 2026"
1983-10-01,34.8,29.0,World Bank Commodity Markets (Pink Sheet),"September 02, 2026"
1983-11-01,32.0,29.0,World Bank Commodity Markets (Pink Sheet),"September 02, 2026"
1983-12-01,29.3,29.0,World Bank Commodity Markets (Pink Sheet),"September 02, 2026"
1984-01-01,29.3,26.2,World Bank Commodity Markets (Pink Sheet),"September 02, 2026"
1984-02-01,29.3,26.2,World Bank Commodity Markets (Pink Sheet),"September 02, 2026"
1984-03-01,29.3,26.2,World Bank Commodity Markets (Pink Sheet),"September 02, 2026"
1984-04-01,29.3,26.2,World Bank Commodity Markets (Pink Sheet),"September 02, 2026"
1984-05-01,29.3,26.2,World Bank Commodity Markets (Pink Sheet),"September 02, 2026"
1984-06-01,31.8,26.2,World Bank Commodity Markets (Pink Sheet),"September 02, 2026"
1984-07-01,31.8,26.2,World Bank Commodity Markets (Pink Sheet),"September 02, 2026"
1984-08-01,31.8,26.2,World Bank Commodity Markets (Pink Sheet),"September 02, 2026"
1984-09-01,31.8,26.2,World Bank Commodity Markets (Pink Sheet),"September 02, 2026"
1984-10-01,31.8,26.2,World Bank Commodity Markets (Pink Sheet),"September 02, 2026"
1984-11-01,32.8,26.2,World Bank Commodity Markets (Pink Sheet),"September 02, 2026"
1984-12-01,33.8,26.2,World Bank Commodity Markets (Pink Sheet),"September 02, 2026"
1985-01-01,33.8,26.6,World Bank Commodity Markets (Pink Sheet),"September 02, 2026"
1985-02-01,33.8,26.6,World Bank Commodity Markets (Pink Sheet),"September 02, 2026"
1985-03-01,33.8,26.6,World Bank Commodity Markets (Pink Sheet),"September 02, 2026"
1985-04-01,33.8,26.6,World Bank Commodity Markets (Pink Sheet),"September 02, 2026"
1985-05-01,33.8,26.6,World Bank Commodity Markets (Pink Sheet),"September 02, 2026"
1985-06-01,33.8,26.6,World Bank Commodity Markets (Pink Sheet),"September 02, 2026"
1985-07-01,33.8,26.6,World Bank Commodity Markets (Pink Sheet),"September 02, 2026"
1985-08-01,33.8,26.6,World Bank Commodity Markets (Pink Sheet),"September 02, 2026"
1985-09-01,33.8,26.6,World Bank Commodity Markets (Pink Sheet),"September 02, 2026"
1985-10-01,33.8,26.6,World Bank Commodity Markets (Pink Sheet),"September 02, 2026"
1985-11-01,33.8,26.6,World Bank Commodity Markets (Pink Sheet),"September 02, 2026"
1985-12-01,33.8,26.6,World Bank Commodity Markets (Pink Sheet),"September 02, 2026"
1986-01-01,33.8,26.3,World Bank Commodity Markets (Pink Sheet),"September 02, 2026"
1986-02-01,33.8,26.3,World Bank Commodity Markets (Pink Sheet),"September 02, 2026"
1986-03-01,30.8,26.3,World Bank Commodity Markets (Pink Sheet),"September 02, 2026"
1986-04-01,30.8,26.3,World Bank Commodity Markets (Pink Sheet),"September 02, 2026"
1986-05-01,30.8,26.3,World Bank Commodity Markets (Pink Sheet),"September 02, 2026"
1986-06-01,30.8,26.3,World Bank Commodity Markets (Pink Sheet),"September 02, 2026"
1986-07-01,30.8,26.3,World Bank Commodity Markets (Pink Sheet),"September 02, 2026"
1986-08-01,30.8,26.3,World Bank Commodity Markets (Pink Sheet),"September 02, 2026"
1986-09-01,30.8,26.3,World Bank Commodity Markets (Pink Sheet),"September 02, 2026"
1986-10-01,30.8,26.3,World Bank Commodity Markets (Pink Sheet),"September 02, 2026"
1986-11-01,30.8,26.3,World Bank Commodity Markets (Pink Sheet),"September 02, 2026"
1986-12-01,29.3,26.3,World Bank Commodity Markets (Pink Sheet),"September 02, 2026"
1987-01-01,29.3,25.3,World Bank Commodity Markets (Pink Sheet),"September 02, 2026"
1987-02-01,29.3,25.3,World Bank Commodity Markets (Pink Sheet),"September 02, 2026"
1987-03-01,29.3,25.3,World Bank Commodity Markets (Pink Sheet),"September 02, 2026"
1987-04-01,24.8,25.3,World Bank Commodity Markets (Pink Sheet),"September 02, 2026"
1987-05-01,24.8,25.3,World Bank Commodity Markets (Pink Sheet),"September 02, 2026"
1987-06-01,24.8,25.3,World Bank Commodity Markets (Pink Sheet),"September 02, 2026"
1987-07-01,27.0,25.3,World Bank Commodity Markets (Pink Sheet),"September 02, 2026"
1987-08-01,27.0,25.3,World Bank Commodity Markets (Pink Sheet),"September 02, 2026"
1987-09-01,27.0,25.3,World Bank Commodity Markets (Pink Sheet),"September 02, 2026"
1987-10-01,27.0,25.3,World Bank Commodity Markets (Pink Sheet),"September 02, 2026"
1987-11-01,29.0,25.3,World Bank Commodity Markets (Pink Sheet),"September 02, 2026"
1987-12-01,31.0,25.3,World Bank Commodity Markets (Pink Sheet),"September 02, 2026"
1988-01-01,31.0,24.3,World Bank Commodity Markets (Pink Sheet),"September 02, 2026"
1988-02-01,31.0,24.3,World Bank Commodity Markets (Pink Sheet),"September 02, 2026"
1988-03-01,33.0,24.3,World Bank Commodity Markets (Pink Sheet),"September 02, 2026"
1988-04-01,33.0,24.3,World Bank Commodity Markets (Pink Sheet),"September 02, 2026"
1988-05-01,33.0,24.3,World Bank Commodity Markets (Pink Sheet),"September 02, 2026"
1988-06-01,36.0,24.3,World Bank Commodity Markets (Pink Sheet),"September 02, 2026"
1988-07-01,36.0,24.3,World Bank Commodity Markets (Pink Sheet),"September 02, 2026"
1988-08-01,36.0,24.3,World Bank Commodity Markets (Pink Sheet),"September 02, 2026"
1988-09-01,37.0,24.3,World Bank Commodity Markets (Pink Sheet),"September 02, 2026"
1988-10-01,37.0,24.3,World Bank Commodity Markets (Pink Sheet),"September 02, 2026"
1988-11-01,37.5,24.3,World Bank Commodity Markets (Pink Sheet),"September 02, 2026"
1988-12-01,38.0,24.3,World Bank Commodity Markets (Pink Sheet),"September 02, 2026"
1989-01-01,38.0,27.8,World Bank Commodity Markets (Pink Sheet),"September 02, 2026"
1989-02-01,38.0,27.8,World Bank Commodity Markets (Pink Sheet),"September 02, 2026"
1989-03-01,38.0,27.8,World Bank Commodity Markets (Pink Sheet),"September 02, 2026"
1989-04-01,38.0,27.8,World Bank Commodity Markets (Pink Sheet),"September 02, 2026"
1989-05-01,38.0,27.8,World Bank Commodity Markets (Pink Sheet),"September 02, 2026"
1989-06-01,38.0,27.8,World Bank Commodity Markets (Pink Sheet),"September 02, 2026"
1989-07-01,38.0,27.8,World Bank Commodity Markets (Pink Sheet),"September 02, 2026"
1989-08-01,38.0,27.8,World Bank Commodity Markets (Pink Sheet),"September 02, 2026"
1989-09-01,38.0,27.8,World Bank Commodity Markets (Pink Sheet),"September 02, 2026"
1989-10-01,38.0,27.8,World Bank Commodity Markets (Pink Sheet),"September 02, 2026"
1989-11-01,38.0,27.8,World Bank Commodity Markets (Pink Sheet),"September 02, 2026"
1989-12-01,38.0,27.8,World Bank Commodity Markets (Pink Sheet),"September 02, 2026"
1990-01-01,38.0,32.5,World Bank Commodity Markets (Pink Sheet),"September 02, 2026"
1990-02-01,38.0,32.5,World Bank Commodity Markets (Pink Sheet),"September 02, 2026"
1990-03-01,38.0,32.5,World Bank Commodity Markets (Pink Sheet),"September 02, 2026"
1990-04-01,38.0,32.5,World Bank Commodity Markets (Pink Sheet),"September 02, 2026"
1990-05-01,40.5,32.5,World Bank Commodity Markets (Pink Sheet),"September 02, 2026"
1990-06-01,40.5,32.5,World Bank Commodity Markets (Pink Sheet),"September 02, 2026"
1990-07-01,40.5,32.5,World Bank Commodity Markets (Pink Sheet),"September 02, 2026"
1990-08-01,40.5,32.5,World Bank Commodity Markets (Pink Sheet),"September 02, 2026"
1990-09-01,40.5,32.5,World Bank Commodity Markets (Pink Sheet),"September 02, 2026"
1990-10-01,40.5,32.5,World Bank Commodity Markets (Pink Sheet),"September 02, 2026"
1990-11-01,40.5,32.5,World Bank Commodity Markets (Pink Sheet),"September 02, 2026"
1990-12-01,40.5,32.5,World Bank Commodity Markets (Pink Sheet),"September 02, 2026"
1991-01-01,40.5,34.8,World Bank Commodity Markets (Pink Sheet),"September 02, 2026"
1991-02-01,40.5,34.8,World Bank Commodity Markets (Pink Sheet),"September 02, 2026"
1991-03-01,39.5,34.8,World Bank Commodity Markets (Pink Sheet),"September 02, 2026"
1991-04-01,39.5,34.8,World Bank Commodity Markets (Pink Sheet),"September 02, 2026"
1991-05-01,39.5,34.8,World Bank Commodity Markets (Pink Sheet),"September 02, 2026"
1991-06-01,39.5,34.8,World Bank Commodity Markets (Pink Sheet),"September 02, 2026"
1991-07-01,39.5,34.8,World Bank Commodity Markets (Pink Sheet),"September 02, 2026"
1991-08-01,39.5,34.8,World Bank Commodity Markets (Pink Sheet),"September 02, 2026"
1991-09-01,39.5,34.8,World Bank Commodity Markets (Pink Sheet),"September 02, 2026"
1991-10-01,39.5,34.8,World Bank Commodity Markets (Pink Sheet),"September 02, 2026"
1991-11-01,39.5,34.8,World Bank Commodity Markets (Pink Sheet),"September 02, 2026"
1991-12-01,39.5,34.8,World Bank Commodity Markets (Pink Sheet),"September 02, 2026"
1992-01-01,39.5,33.1,World Bank Commodity Markets (Pink Sheet),"September 02, 2026"
1992-02-01,39.5,33.1,World Bank Commodity Markets (Pink Sheet),"September 02, 2026"
1992-03-01,39.5,33.1,World Bank Commodity Markets (Pink Sheet),"September 02, 2026"
1992-04-01,39.5,33.1,World Bank Commodity Markets (Pink Sheet),"September 02, 2026"
1992-05-01,39.5,33.1,World Bank Commodity Markets (Pink Sheet),"September 02, 2026"
1992-06-01,39.5,33.1,World Bank Commodity Markets (Pink Sheet),"September 02, 2026"
1992-07-01,39.5,33.1,World Bank Commodity Markets (Pink Sheet),"September 02, 2026"
1992-08-01,39.5,33.1,World Bank Commodity Markets (Pink Sheet),"September 02, 2026"
1992-09-01,39.5,33.1,World Bank Commodity Markets (Pink Sheet),"September 02, 2026"
1992-10-01,37.3,33.1,World Bank Commodity Markets (Pink Sheet),"September 02, 2026"
1992-11-01,35.0,33.1,World Bank Commodity Markets (Pink Sheet),"September 02, 2026"
1992-12-01,35.0,33.1,World Bank Commodity Markets (Pink Sheet),"September 02, 2026"
1993-01-01,35.0,29.1,World Bank Commodity Markets (Pink Sheet),"September 02, 2026"
1993-02-01,31.0,29.1,World Bank Commodity Markets (Pink Sheet),"September 02, 2026"
1993-03-01,31.0,29.1,World Bank Commodity Markets (Pink Sheet),"September 02, 2026"
1993-04-01,31.0,29.1,World Bank Commodity Markets (Pink Sheet),"September 02, 2026"
1993-05-01,31.0,29.1,World Bank Commodity Markets (Pink Sheet),"September 02, 2026"
1993-06-01,31.0,29.1,World Bank Commodity Markets (Pink Sheet),"September 02, 2026"
1993-07-01,31.0,29.1,World Bank Commodity Markets (Pink Sheet),"September 02, 2026"
1993-08-01,31.0,29.1,World Bank Commodity Markets (Pink Sheet),"September 02, 2026"
1993-09-01,31.0,29.1,World Bank Commodity Markets (Pink Sheet),"September 02, 2026"
1993-10-01,31.0,29.1,World Bank Commodity Markets (Pink Sheet),"September 02, 2026"
1993-11-01,31.0,29.1,World Bank Commodity Markets (Pink Sheet),"September 02, 2026"
1993-12-01,31.0,29.1,World Bank Commodity Markets (Pink Sheet),"September 02, 2026"
1994-01-01,31.0,26.5,World Bank Commodity Markets (Pink Sheet),"September 02, 2026"
1994-02-01,31.0,26.5,World Bank Commodity Markets (Pink Sheet),"September 02, 2026"
1994-03-01,29.5,26.5,World Bank Commodity Markets (Pink Sheet),"September 02, 2026"
1994-04-01,29.5,26.5,World Bank Commodity Markets (Pink Sheet),"September 02, 2026"
1994-05-01,31.4,26.5,World Bank Commodity Markets (Pink Sheet),"September 02, 2026"
1994-06-01,33.6,26.5,World Bank Commodity Markets (Pink Sheet),"September 02, 2026"
1994-07-01,33.1,26.5,World Bank Commodity Markets (Pink Sheet),"September 02, 2026"
1994-08-01,33.1,26.5,World Bank Commodity Markets (Pink Sheet),"September 02, 2026"
1994-09-01,33.1,26.5,World Bank Commodity Markets (Pink Sheet),"September 02, 2026"
1994-10-01,33.1,26.5,World Bank Commodity Markets (Pink Sheet),"September 02, 2026"
1994-11-01,33.1,26.5,World Bank Commodity Markets (Pink Sheet),"September 02, 2026"
1994-12-01,36.1,26.5,World Bank Commodity Markets (Pink Sheet),"September 02, 2026"
1995-01-01,37.1,28.4,World Bank Commodity Markets (Pink Sheet),"September 02, 2026"
1995-02-01,37.6,28.4,World Bank Commodity Markets (Pink Sheet),"September 02, 2026"
1995-03-01,38.4,28.4,World Bank Commodity Markets (Pink Sheet),"September 02, 2026"
1995-04-01,37.1,28.4,World Bank Commodity Markets (Pink Sheet),"September 02, 2026"
1995-05-01,38.8,28.4,World Bank Commodity Markets (Pink Sheet),"September 02, 2026"
1995-06-01,40.8,28.4,World Bank Commodity Markets (Pink Sheet),"September 02, 2026"
1995-07-01,41.1,28.4,World Bank Commodity Markets (Pink Sheet),"September 02, 2026"
1995-08-01,40.9,28.4,World Bank Commodity Markets (Pink Sheet),"September 02, 2026"
1995-09-01,40.9,28.4,World Bank Commodity Markets (Pink Sheet),"September 02, 2026"
1995-10-01,41.0,28.4,World Bank Commodity Markets (Pink Sheet),"September 02, 2026"
1995-11-01,39.6,28.4,World Bank Commodity Markets (Pink Sheet),"September 02, 2026"
1995-12-01,39.4,28.4,World Bank Commodity Markets (Pink Sheet),"September 02, 2026"
1996-01-01,39.4,30.0,World Bank Commodity Markets (Pink Sheet),"September 02, 2026"
1996-02-01,39.3,30.0,World Bank Commodity Markets (Pink Sheet),"September 02, 2026"
1996-03-01,39.0,30.0,World Bank Commodity Markets (Pink Sheet),"September 02, 2026"
1996-04-01,39.3,30.0,World Bank Commodity Markets (Pink Sheet),"September 02, 2026"
1996-05-01,38.2,30.0,World Bank Commodity Markets (Pink Sheet),"September 02, 2026"
1996-06-01,38.2,30.0,World Bank Commodity Markets (Pink Sheet),"September 02, 2026"
1996-07-01,38.4,30.0,World Bank Commodity Markets (Pink Sheet),"September 02, 2026"
1996-08-01,38.4,30.0,World Bank Commodity Markets (Pink Sheet),"September 02, 2026"
1996-09-01,38.1,30.0,World Bank Commodity Markets (Pink Sheet),"September 02, 2026"
1996-10-01,37.6,30.0,World Bank Commodity Markets (Pink Sheet),"September 02, 2026"
1996-11-01,35.7,30.0,World Bank Commodity Markets (Pink Sheet),"September 02, 2026"
1996-12-01,35.4,30.0,World Bank Commodity Markets (Pink Sheet),"September 02, 2026"
1997-01-01,35.2,30.2,World Bank Commodity Markets (Pink Sheet),"September 02, 2026"
1997-02-01,34.6,30.2,World Bank Commodity Markets (Pink Sheet),"September 02, 2026"
1997-03-01,34.5,30.2,World Bank Commodity Markets (Pink Sheet),"September 02, 2026"
1997-04-01,35.4,30.2,World Bank Commodity Markets (Pink Sheet),"September 02, 2026"
1997-05-01,35.7,30.2,World Bank Commodity Markets (Pink Sheet),"September 02, 2026"
1997-06-01,34.5,30.2,World Bank Commodity Markets (Pink Sheet),"September 02, 2026"
1997-07-01,35.0,30.2,World Bank Commodity Markets (Pink Sheet),"September 02, 2026"
1997-08-01,36.9,30.2,World Bank Commodity Markets (Pink Sheet),"September 02, 2026"
1997-09-01,37.2,30.2,World Bank Commodity Markets (Pink Sheet),"September 02, 2026"
1997-10-01,37.2,30.2,World Bank Commodity Markets (Pink Sheet),"September 02, 2026"
1997-11-01,33.6,30.2,World Bank Commodity Markets (Pink Sheet),"September 02, 2026"
1997-12-01,31.4,30.2,World Bank Commodity Markets (Pink Sheet),"September 02, 2026"
1998-01-01,31.4,31.0,World Bank Commodity Markets (Pink Sheet),"September 02, 2026"
1998-02-01,33.4,31.0,World Bank Commodity Markets (Pink Sheet),"September 02, 2026"
1998-03-01,31.9,31.0,World Bank Commodity Markets (Pink Sheet),"September 02, 2026"
1998-04-01,31.2,31.0,World Bank Commodity Markets (Pink Sheet),"September 02, 2026"
1998-05-01,30.3,31.0,World Bank Commodity Markets (Pink Sheet),"September 02, 2026"
1998-06-01,30.0,31.0,World Bank Commodity Markets (Pink Sheet),"September 02, 2026"
1998-07-01,30.0,31.0,World Bank Commodity Markets (Pink Sheet),"September 02, 2026"
1998-08-01,26.2,31.0,World Bank Commodity Markets (Pink Sheet),"September 02, 2026"
1998-09-01,27.1,31.0,World Bank Commodity Markets (Pink Sheet),"September 02, 2026"
1998-10-01,27.1,31.0,World Bank Commodity Markets (Pink Sheet),"September 02, 2026"
1998-11-01,26.1,31.0,World Bank Commodity Markets (Pink Sheet),"September 02, 2026"
1998-12-01,26.1,31.0,World Bank Commodity Markets (Pink Sheet),"September 02, 2026"
1999-01-01,26.1,27.6,World Bank Commodity Markets (Pink Sheet),"September 02, 2026"
1999-02-01,26.1,27.6,World Bank Commodity Markets (Pink Sheet),"September 02, 2026"
1999-03-01,26.1,27.6,World Bank Commodity Markets (Pink Sheet),"September 02, 2026"
1999-04-01,26.1,27.6,World Bank Commodity Markets (Pink Sheet),"September 02, 2026"
1999-05-01,26.1,27.6,World Bank Commodity Markets (Pink Sheet),"September 02, 2026"
1999-06-01,26.1,27.6,World Bank Commodity Markets (Pink Sheet),"September 02, 2026"
1999-07-01,26.1,27.6,World Bank Commodity Markets (Pink Sheet),"September 02, 2026"
1999-08-01,26.1,27.6,World Bank Commodity Markets (Pink Sheet),"September 02, 2026"
1999-09-01,26.1,27.6,World Bank Commodity Markets (Pink Sheet),"September 02, 2026"
1999-10-01,25.6,27.6,World Bank Commodity Markets (Pink Sheet),"September 02, 2026"
1999-11-01,25.1,27.6,World Bank Commodity Markets (Pink Sheet),"September 02, 2026"
1999-12-01,25.1,27.6,World Bank Commodity Markets (Pink Sheet),"September 02, 2026"
2000-01-01,25.1,28.8,World Bank Commodity Markets (Pink Sheet),"September 02, 2026"
2000-02-01,25.1,28.8,World Bank Commodity Markets (Pink Sheet),"September 02, 2026"
2000-03-01,25.1,28.8,World Bank Commodity Markets (Pink Sheet),"September 02, 2026"
2000-04-01,25.1,28.8,World Bank Commodity Markets (Pink Sheet),"September 02, 2026"
2000-05-01,25.6,28.8,World Bank Commodity Markets (Pink Sheet),"September 02, 2026"
2000-06-01,25.6,28.8,World Bank Commodity Markets (Pink Sheet),"September 02, 2026"
2000-07-01,25.6,28.8,World Bank Commodity Markets (Pink Sheet),"September 02, 2026"
2000-08-01,25.6,28.8,World Bank Commodity Markets (Pink Sheet),"September 02, 2026"
2000-09-01,27.2,28.8,World Bank Commodity Markets (Pink Sheet),"September 02, 2026"
2000-10-01,27.2,28.8,World Bank Commodity Markets (Pink Sheet),"September 02, 2026"
2000-11-01,27.2,28.8,World Bank Commodity Markets (Pink Sheet),"September 02, 2026"
2000-12-01,30.8,28.8,World Bank Commodity Markets (Pink Sheet),"September 02, 2026"
2001-01-01,32.1,30.0,World Bank Commodity Markets (Pink Sheet),"September 02, 2026"
2001-02-01,32.1,30.0,World Bank Commodity Markets (Pink Sheet),"September 02, 2026"
2001-03-01,32.6,30.0,World Bank Commodity Markets (Pink Sheet),"September 02, 2026"
2001-04-01,33.5,30.0,World Bank Commodity Markets (Pink Sheet),"September 02, 2026"
2001-05-01,33.8,30.0,World Bank Commodity Markets (Pink Sheet),"September 02, 2026"
2001-06-01,33.9,30.0,World Bank Commodity Markets (Pink Sheet),"September 02, 2026"
2001-07-01,34.0,30.0,World Bank Commodity Markets (Pink Sheet),"September 02, 2026"
2001-08-01,33.8,30.0,World Bank Commodity Markets (Pink Sheet),"September 02, 2026"
2001-09-01,32.8,30.0,World Bank Commodity Markets (Pink Sheet),"September 02, 2026"
2001-10-01,32.4,30.0,World Bank Commodity Markets (Pink Sheet),"September 02, 2026"
2001-11-01,29.4,30.0,World Bank Commodity Markets (Pink Sheet),"September 02, 2026"
2001-12-01,27.4,30.0,World Bank Commodity Markets (Pink Sheet),"September 02, 2026"
2002-01-01,27.4,29.3,World Bank Commodity Markets (Pink Sheet),"September 02, 2026"
2002-02-01,28.1,29.3,World Bank Commodity Markets (Pink Sheet),"September 02, 2026"
2002-03-01,27.8,29.3,World Bank Commodity Markets (Pink Sheet),"September 02, 2026"
2002-04-01,27.1,29.3,World Bank Commodity Markets (Pink Sheet),"September 02, 2026"
2002-05-01,26.9,29.3,World Bank Commodity Markets (Pink Sheet),"September 02, 2026"
2002-06-01,24.9,29.3,World Bank Commodity Markets (Pink Sheet),"September 02, 2026"
2002-07-01,23.2,29.3,World Bank Commodity Markets (Pink Sheet),"September 02, 2026"
2002-08-01,22.3,29.3,World Bank Commodity Markets (Pink Sheet),"September 02, 2026"
2002-09-01,22.7,29.3,World Bank Commodity Markets (Pink Sheet),"September 02, 2026"
2002-10-01,24.5,29.3,World Bank Commodity Markets (Pink Sheet),"September 02, 2026"
2002-11-01,24.5,29.3,World Bank Commodity Markets (Pink Sheet),"September 02, 2026"
2002-12-01,24.5,29.3,World Bank Commodity Markets (Pink Sheet),"September 02, 2026"
2003-01-01,24.9,32.0,World Bank Commodity Markets (Pink Sheet),"September 02, 2026"
2003-02-01,25.2,32.0,World Bank Commodity Markets (Pink Sheet),"September 02, 2026"
2003-03-01,24.4,32.0,World Bank Commodity Markets (Pink Sheet),"September 02, 2026"
2003-04-01,23.5,32.0,World Bank Commodity Markets (Pink Sheet),"September 02, 2026"
2003-05-01,23.3,32.0,World Bank Commodity Markets (Pink Sheet),"September 02, 2026"
2003-06-01,24.1,32.0,World Bank Commodity Markets (Pink Sheet),"September 02, 2026"
2003-07-01,24.4,32.0,World Bank Commodity Markets (Pink Sheet),"September 02, 2026"
2003-08-01,25.3,32.0,World Bank Commodity Markets (Pink Sheet),"September 02, 2026"
2003-09-01,26.7,32.0,World Bank Commodity Markets (Pink Sheet),"September 02, 2026"
2003-10-01,27.5,32.0,World Bank Commodity Markets (Pink Sheet),"September 02, 2026"
2003-11-01,29.9,32.0,World Bank Commodity Markets (Pink Sheet),"September 02, 2026"
2003-12-01,34.0,32.0,World Bank Commodity Markets (Pink Sheet),"September 02, 2026"
2004-01-01,37.8,37.9,World Bank Commodity Markets (Pink Sheet),"September 02, 2026"
2004-02-01,41.8,37.9,World Bank Commodity Markets (Pink Sheet),"September 02, 2026"
2004-03-01,48.9,37.9,World Bank Commodity Markets (Pink Sheet),"September 02, 2026"
2004-04-01,53.3,37.9,World Bank Commodity Markets (Pink Sheet),"September 02, 2026"
2004-05-01,56.4,37.9,World Bank Commodity Markets (Pink Sheet),"September 02, 2026"
2004-06-01,59.6,37.9,World Bank Commodity Markets (Pink Sheet),"September 02, 2026"
2004-07-01,61.4,37.9,World Bank Commodity Markets (Pink Sheet),"September 02, 2026"
2004-08-01,59.3,37.9,World Bank Commodity Markets (Pink Sheet),"September 02, 2026"
2004-09-01,55.4,37.9,World Bank Commodity Markets (Pink Sheet),"September 02, 2026"
2004-10-01,56.6,37.9,World Bank Commodity Markets (Pink Sheet),"September 02, 2026"
2004-11-01,52.8,37.9,World Bank Commodity Markets (Pink Sheet),"September 02, 2026"
2004-12-01,52.3,37.9,World Bank Commodity Markets (Pink Sheet),"September 02, 2026"
2005-01-01,53.0,65.0,World Bank Commodity Markets (Pink Sheet),"September 02, 2026"
2005-02-01,49.9,65.0,World Bank Commodity Markets (Pink Sheet),"September 02, 2026"
2005-03-01,50.9,65.0,World Bank Commodity Markets (Pink Sheet),"September 02, 2026"
2005-04-01,51.3,65.0,World Bank Commodity Markets (Pink Sheet),"September 02, 2026"
2005-05-01,51.3,65.0,World Bank Commodity Markets (Pink Sheet),"September 02, 2026"
2005-06-01,51.0,65.0,World Bank Commodity Markets (Pink Sheet),"September 02, 2026"
2005-07-01,50.9,65.0,World Bank Commodity Markets (Pink Sheet),"September 02, 2026"
2005-08-01,49.1,65.0,World Bank Commodity Markets (Pink Sheet),"September 02, 2026"
2005-09-01,45.3,65.0,World Bank Commodity Markets (Pink Sheet),"September 02, 2026"
2005-10-01,42.5,65.0,World Bank Commodity Markets (Pink Sheet),"September 02, 2026"
2005-11-01,38.1,65.0,World Bank Commodity Markets (Pink Sheet),"September 02, 2026"
2005-12-01,38.2,65.0,World Bank Commodity Markets (Pink Sheet),"September 02, 2026"
2006-01-01,43.2,67.2,World Bank Commodity Markets (Pink Sheet),"September 02, 2026"
2006-02-01,47.7,65.2,World Bank Commodity Markets (Pink Sheet),"September 02, 2026"
2006-03-01,49.8,66.7,World Bank Commodity Markets (Pink Sheet),"September 02, 2026"
2006-04-01,52.9,67.3,World Bank Commodity Markets (Pink Sheet),"September 02, 2026"
2006-05-01,52.6,67.3,World Bank Commodity Markets (Pink Sheet),"September 02, 2026"
2006-06-01,52.4,69.3,World Bank Commodity Markets (Pink Sheet),"September 02, 2026"
2006-07-01,52.8,70.5,World Bank Commodity Markets (Pink Sheet),"September 02, 2026"
2006-08-01,50.9,69.8,World Bank Commodity Markets (Pink Sheet),"September 02, 2026"
2006-09-01,47.1,70.0,World Bank Commodity Markets (Pink Sheet),"September 02, 2026"
2006-10-01,44.1,71.7,World Bank Commodity Markets (Pink Sheet),"September 02, 2026"
2006-11-01,46.0,73.5,World Bank Commodity Markets (Pink Sheet),"September 02, 2026"
2006-12-01,49.8,73.5,World Bank Commodity Markets (Pink Sheet),"September 02, 2026"
2007-01-01,51.3,78.2,World Bank Commodity Markets (Pink Sheet),"September 02, 2026"
2007-02-01,52.9,82.7,World Bank Commodity Markets (Pink Sheet),"September 02, 2026"
2007-03-01,55.4,88.6,World Bank Commodity Markets (Pink Sheet),"September 02, 2026"
2007-04-01,56.1,91.3,World Bank Commodity Markets (Pink Sheet),"September 02, 2026"
2007-05-01,56.0,102.0,World Bank Commodity Markets (Pink Sheet),"September 02, 2026"
2007-06-01,61.6,103.2,World Bank Commodity Markets (Pink Sheet),"September 02, 2026"
2007-07-01,67.3,106.1,World Bank Commodity Markets (Pink Sheet),"September 02, 2026"
2007-08-01,69.4,121.9,World Bank Commodity Markets (Pink Sheet),"September 02, 2026"
2007-09-01,68.4,148.7,World Bank Commodity Markets (Pink Sheet),"September 02, 2026"
2007-10-01,74.8,168.1,World Bank Commodity Markets (Pink Sheet),"September 02, 2026"
2007-11-01,84.6,195.1,World Bank Commodity Markets (Pink Sheet),"September 02, 2026"
2007-12-01,91.0,190.1,World Bank Commodity Markets (Pink Sheet),"September 02, 2026"
2008-01-01,91.8,193.4,World Bank Commodity Markets (Pink Sheet),"September 02, 2026"
2008-02-01,132.0,186.1,World Bank Commodity Markets (Pink Sheet),"September 02, 2026"
2008-03-01,118.3,197.1,World Bank Commodity Markets (Pink Sheet),"September 02, 2026"
2008-04-01,123.0,196.0,World Bank Commodity Markets (Pink Sheet),"September 02, 2026"
2008-05-01,133.2,193.0,World Bank Commodity Markets (Pink Sheet),"September 02, 2026"
2008-06-01,159.8,183.9,World Bank Commodity Markets (Pink Sheet),"September 02, 2026"
2008-07-01,180.0,180.5,World Bank Commodity Markets (Pink Sheet),"September 02, 2026"
2008-08-01,158.4,178.7,World Bank Commodity Markets (Pink Sheet),"September 02, 2026"
2008-09-01,150.0,139.6,World Bank Commodity Markets (Pink Sheet),"September 02, 2026"
2008-10-01,108.0,88.7,World Bank Commodity Markets (Pink Sheet),"September 02, 2026"
2008-11-01,92.3,65.0,World Bank Commodity Markets (Pink Sheet),"September 02, 2026"
2008-12-01,78.7,70.0,World Bank Commodity Markets (Pink Sheet),"September 02, 2026"
2009-01-01,79.4,72.5,World Bank Commodity Markets (Pink Sheet),"September 02, 2026"
2009-02-01,75.4,75.6,World Bank Commodity Markets (Pink Sheet),"September 02, 2026"
2009-03-01,61.0,64.1,World Bank Commodity Markets (Pink Sheet),"September 02, 2026"
2009-04-01,63.6,59.8,World Bank Commodity Markets (Pink Sheet),"September 02, 2026"
2009-05-01,64.5,62.7,World Bank Commodity Markets (Pink Sheet),"September 02, 2026"
2009-06-01,71.4,71.7,World Bank Commodity Markets (Pink Sheet),"September 02, 2026"
2009-07-01,73.8,84.0,World Bank Commodity Markets (Pink Sheet),"September 02, 2026"
2009-08-01,72.5,97.7,World Bank Commodity Markets (Pink Sheet),"September 02, 2026"
2009-09-01,67.6,80.7,World Bank Commodity Markets (Pink Sheet),"September 02, 2026"
2009-10-01,71.1,86.8,World Bank Commodity Markets (Pink Sheet),"September 02, 2026"
2009-11-01,78.8,99.3,World Bank Commodity Markets (Pink Sheet),"September 02, 2026"
2009-12-01,83.1,105.1,World Bank Commodity Markets (Pink Sheet),"September 02, 2026"
2010-01-01,97.0,125.7,World Bank Commodity Markets (Pink Sheet),"September 02, 2026"
2010-02-01,94.2,127.5,World Bank Commodity Markets (Pink Sheet),"September 02, 2026"
2010-03-01,94.4,139.7,World Bank Commodity Markets (Pink Sheet),"September 02, 2026"
2010-04-01,100.2,172.5,World Bank Commodity Markets (Pink Sheet),"September 02, 2026"
2010-05-01,100.1,161.4,World Bank Commodity Markets (Pink Sheet),"September 02, 2026"
2010-06-01,98.2,143.6,World Bank Commodity Markets (Pink Sheet),"September 02, 2026"
2010-07-01,96.0,126.4,World Bank Commodity Markets (Pink Sheet),"September 02, 2026"
2010-08-01,89.8,145.3,World Bank Commodity Markets (Pink Sheet),"September 02, 2026"
2010-09-01,94.9,140.6,World Bank Commodity Markets (Pink Sheet),"September 02, 2026"
2010-10-01,97.5,148.5,World Bank Commodity Markets (Pink Sheet),"September 02, 2026"
2010-11-01,107.2,156.1,World Bank Commodity Markets (Pink Sheet),"September 02, 2026"
2010-12-01,118.3,163.1,World Bank Commodity Markets (Pink Sheet),"September 02, 2026"
2011-01-01,132.5,179.2,World Bank Commodity Markets (Pink Sheet),"September 02, 2026"
2011-02-01,128.4,187.2,World Bank Commodity Markets (Pink Sheet),"September 02, 2026"
2011-03-01,126.1,169.4,World Bank Commodity Markets (Pink Sheet),"September 02, 2026"
2011-04-01,122.5,179.3,World Bank Commodity Markets (Pink Sheet),"September 02, 2026"
2011-05-01,119.1,177.1,World Bank Commodity Markets (Pink Sheet),"September 02, 2026"
2011-06-01,120.1,170.9,World Bank Commodity Markets (Pink Sheet),"September 02, 2026"
2011-07-01,120.8,173.0,World Bank Commodity Markets (Pink Sheet),"September 02, 2026"
2011-08-01,120.1,177.5,World Bank Commodity Markets (Pink Sheet),"September 02, 2026"
2011-09-01,123.1,177.2,World Bank Commodity Markets (Pink Sheet),"September 02, 2026"
2011-10-01,119.4,150.4,World Bank Commodity Markets (Pink Sheet),"September 02, 2026"
2011-11-01,113.8,135.5,World Bank Commodity Markets (Pink Sheet),"September 02, 2026"
2011-12-01,111.6,136.4,World Bank Commodity Markets (Pink Sheet),"September 02, 2026"
2012-01-01,116.5,140.3,World Bank Commodity Markets (Pink Sheet),"September 02, 2026"
2012-02-01,117.0,140.4,World Bank Commodity Markets (Pink Sheet),"September 02, 2026"
2012-03-01,107.5,144.7,World Bank Commodity Markets (Pink Sheet),"September 02, 2026"
2012-04-01,103.6,147.6,World Bank Commodity Markets (Pink Sheet),"September 02, 2026"
2012-05-01,95.8,136.6,World Bank Commodity Markets (Pink Sheet),"September 02, 2026"
2012-06-01,87.2,134.7,World Bank Commodity Markets (Pink Sheet),"September 02, 2026"
2012-07-01,88.2,127.9,World Bank Commodity Markets (Pink Sheet),"September 02, 2026"
2012-08-01,91.0,107.5,World Bank Commodity Markets (Pink Sheet),"September 02, 2026"
2012-09-01,89.0,99.5,World Bank Commodity Markets (Pink Sheet),"September 02, 2026"
2012-10-01,81.9,114.0,World Bank Commodity Markets (Pink Sheet),"September 02, 2026"
2012-11-01,85.9,120.4,World Bank Commodity Markets (Pink Sheet),"September 02, 2026"
2012-12-01,92.9,128.5,World Bank Commodity Markets (Pink Sheet),"September 02, 2026"
2013-01-01,92.8,150.5,World Bank Commodity Markets (Pink Sheet),"September 02, 2026"
2013-02-01,94.9,154.6,World Bank Commodity Markets (Pink Sheet),"September 02, 2026"
2013-03-01,91.0,139.9,World Bank Commodity Markets (Pink Sheet),"September 02, 2026"
2013-04-01,87.8,137.4,World Bank Commodity Markets (Pink Sheet),"September 02, 2026"
2013-05-01,87.7,124.0,World Bank Commodity Markets (Pink Sheet),"September 02, 2026"
2013-06-01,82.8,114.8,World Bank Commodity Markets (Pink Sheet),"September 02, 2026"
2013-07-01,77.3,127.2,World Bank Commodity Markets (Pink Sheet),"September 02, 2026"
2013-08-01,77.0,137.1,World Bank Commodity Markets (Pink Sheet),"September 02, 2026"
2013-09-01,77.6,134.2,World Bank Commodity Markets (Pink Sheet),"September 02, 2026"
2013-10-01,79.4,132.6,World Bank Commodity Markets (Pink Sheet),"September 02, 2026"
2013-11-01,82.3,136.3,World Bank Commodity Markets (Pink Sheet),"September 02, 2026"
2013-12-01,84.3,135.8,World Bank Commodity Markets (Pink Sheet),"September 02, 2026"
2014-01-01,81.6,128.1,World Bank Commodity Markets (Pink Sheet),"September 02, 2026"
2014-02-01,76.3,121.4,World Bank Commodity Markets (Pink Sheet),"September 02, 2026"
2014-03-01,73.3,111.8,World Bank Commodity Markets (Pink Sheet),"September 02, 2026"
2014-04-01,72.8,114.6,World Bank Commodity Markets (Pink Sheet),"September 02, 2026"
2014-05-01,73.7,100.6,World Bank Commodity Markets (Pink Sheet),"September 02, 2026"
2014-06-01,71.5,92.7,World Bank Commodity Markets (Pink Sheet),"September 02, 2026"
2014-07-01,68.8,96.1,World Bank Commodity Markets (Pink Sheet),"September 02, 2026"
2014-08-01,68.9,92.6,World Bank Commodity Markets (Pink Sheet),"September 02, 2026"
2014-09-01,65.9,82.4,World Bank Commodity Markets (Pink Sheet),"September 02, 2026"
2014-10-01,63.7,81.1,World Bank Commodity Markets (Pink Sheet),"September 02, 2026"
2014-11-01,62.6,73.7,World Bank Commodity Markets (Pink Sheet),"September 02, 2026"
2014-12-01,62.4,68.4,World Bank Commodity Markets (Pink Sheet),"September 02, 2026"
2015-01-01,61.4,68.2,World Bank Commodity Markets (Pink Sheet),"September 02, 2026"
2015-02-01,69.1,62.8,World Bank Commodity Markets (Pink Sheet),"September 02, 2026"
2015-03-01,64.8,58.1,World Bank Commodity Markets (Pink Sheet),"September 02, 2026"
2015-04-01,56.2,52.3,World Bank Commodity Markets (Pink Sheet),"September 02, 2026"
2015-05-01,61.2,60.3,World Bank Commodity Markets (Pink Sheet),"September 02, 2026"
2015-06-01,59.0,62.6,World Bank Commodity Markets (Pink Sheet),"September 02, 2026"
2015-07-01,59.9,52.4,World Bank Commodity Markets (Pink Sheet),"September 02, 2026"
2015-08-01,59.1,56.2,World Bank Commodity Markets (Pink Sheet),"September 02, 2026"
2015-09-01,57.7,57.0,World Bank Commodity Markets (Pink Sheet),"September 02, 2026"
2015-10-01,54.3,53.1,World Bank Commodity Markets (Pink Sheet),"September 02, 2026"
2015-11-01,52.5,46.9,World Bank Commodity Markets (Pink Sheet),"September 02, 2026"
2015-12-01,52.2,40.5,World Bank Commodity Markets (Pink Sheet),"September 02, 2026"
2016-01-01,49.0,41.9,World Bank Commodity Markets (Pink Sheet),"September 02, 2026"
2016-02-01,50.3,46.8,World Bank Commodity Markets (Pink Sheet),"September 02, 2026"
2016-03-01,52.2,56.2,World Bank Commodity Markets (Pink Sheet),"September 02, 2026"
2016-04-01,50.7,60.9,World Bank Commodity Markets (Pink Sheet),"September 02, 2026"
2016-05-01,51.3,55.1,World Bank Commodity Markets (Pink Sheet),"September 02, 2026"
2016-06-01,52.9,52.0,World Bank Commodity Markets (Pink Sheet),"September 02, 2026"
2016-07-01,61.2,57.3,World Bank Commodity Markets (Pink Sheet),"September 02, 2026"
2016-08-01,67.4,60.9,World Bank Commodity Markets (Pink Sheet),"September 02, 2026"
2016-09-01,72.7,57.8,World Bank Commodity Markets (Pink Sheet),"September 02, 2026"
2016-10-01,94.2,59.1,World Bank Commodity Markets (Pink Sheet),"September 02, 2026"
2016-11-01,103.4,73.1,World Bank Commodity Markets (Pink Sheet),"September 02, 2026"
2016-12-01,88.2,80.0,World Bank Commodity Markets (Pink Sheet),"September 02, 2026"
2017-01-01,83.7,80.4,World Bank Commodity Markets (Pink Sheet),"September 02, 2026"
2017-02-01,80.0,89.4,World Bank Commodity Markets (Pink Sheet),"September 02, 2026"
2017-03-01,80.9,87.7,World Bank Commodity Markets (Pink Sheet),"September 02, 2026"
2017-04-01,83.7,70.2,World Bank Commodity Markets (Pink Sheet),"September 02, 2026"
2017-05-01,74.4,62.4,World Bank Commodity Markets (Pink Sheet),"September 02, 2026"
2017-06-01,81.1,57.5,World Bank Commodity Markets (Pink Sheet),"September 02, 2026"
2017-07-01,87.5,67.7,World Bank Commodity Markets (Pink Sheet),"September 02, 2026"
2017-08-01,98.6,76.1,World Bank Commodity Markets (Pink Sheet),"September 02, 2026"
2017-09-01,97.8,71.5,World Bank Commodity Markets (Pink Sheet),"September 02, 2026"
2017-10-01,97.1,61.7,World Bank Commodity Markets (Pink Sheet),"September 02, 2026"
2017-11-01,96.6,64.2,World Bank Commodity Markets (Pink Sheet),"September 02, 2026"
2017-12-01,100.8,72.3,World Bank Commodity Markets (Pink Sheet),"September 02, 2026"
2018-01-01,106.5,76.3,World Bank Commodity Markets (Pink Sheet),"September 02, 2026"
2018-02-01,106.0,77.5,World Bank Commodity Markets (Pink Sheet),"September 02, 2026"
2018-03-01,96.7,70.4,World Bank Commodity Markets (Pink Sheet),"September 02, 2026"
2018-04-01,93.7,65.8,World Bank Commodity Markets (Pink Sheet),"September 02, 2026"
2018-05-01,105.3,66.1,World Bank Commodity Markets (Pink Sheet),"September 02, 2026"
2018-06-01,114.3,65.0,World Bank Commodity Markets (Pink Sheet),"September 02, 2026"
2018-07-01,119.6,64.6,World Bank Commodity Markets (Pink Sheet),"September 02, 2026"
2018-08-01,117.3,67.2,World Bank Commodity Markets (Pink Sheet),"September 02, 2026"
2018-09-01,114.2,68.4,World Bank Commodity Markets (Pink Sheet),"September 02, 2026"
2018-10-01,108.7,73.4,World Bank Commodity Markets (Pink Sheet),"September 02, 2026"
2018-11-01,100.7,73.3,World Bank Commodity Markets (Pink Sheet),"September 02, 2026"
2018-12-01,101.4,69.2,World Bank Commodity Markets (Pink Sheet),"September 02, 2026"
2019-01-01,98.6,76.2,World Bank Commodity Markets (Pink Sheet),"September 02, 2026"
2019-02-01,95.4,88.2,World Bank Commodity Markets (Pink Sheet),"September 02, 2026"
2019-03-01,93.1,86.5,World Bank Commodity Markets (Pink Sheet),"September 02, 2026"
2019-04-01,86.8,93.7,World Bank Commodity Markets (Pink Sheet),"September 02, 2026"
2019-05-01,82.3,100.2,World Bank Commodity Markets (Pink Sheet),"September 02, 2026"
2019-06-01,72.5,108.9,World Bank Commodity Markets (Pink Sheet),"September 02, 2026"
2019-07-01,72.1,120.2,World Bank Commodity Markets (Pink Sheet),"September 02, 2026"
2019-08-01,65.6,93.1,World Bank Commodity Markets (Pink Sheet),"September 02, 2026"
2019-09-01,66.0,93.1,World Bank Commodity Markets (Pink Sheet),"September 02, 2026"
2019-10-01,69.2,88.5,World Bank Commodity Markets (Pink Sheet),"September 02, 2026"
2019-11-01,67.0,85.0,World Bank Commodity Markets (Pink Sheet),"September 02, 2026"
2019-12-01,66.2,92.7,World Bank Commodity Markets (Pink Sheet),"September 02, 2026"
2020-01-01,69.7,95.8,World Bank Commodity Markets (Pink Sheet),"September 02, 2026"
2020-02-01,67.6,87.7,World Bank Commodity Markets (Pink Sheet),"September 02, 2026"
2020-03-01,66.7,89.0,World Bank Commodity Markets (Pink Sheet),"September 02, 2026"
2020-04-01,58.6,84.7,World Bank Commodity Markets (Pink Sheet),"September 02, 2026"
2020-05-01,52.5,93.7,World Bank Commodity Markets (Pink Sheet),"September 02, 2026"
2020-06-01,52.2,103.3,World Bank Commodity Markets (Pink Sheet),"September 02, 2026"
2020-07-01,51.6,108.5,World Bank Commodity Markets (Pink Sheet),"September 02, 2026"
2020-08-01,50.1,121.1,World Bank Commodity Markets (Pink Sheet),"September 02, 2026"
2020-09-01,54.6,123.8,World Bank Commodity Markets (Pink Sheet),"September 02, 2026"
2020-10-01,58.4,119.8,World Bank Commodity Markets (Pink Sheet),"September 02, 2026"
2020-11-01,64.4,124.4,World Bank Commodity Markets (Pink Sheet),"September 02, 2026"
2020-12-01,83.0,155.4,World Bank Commodity Markets (Pink Sheet),"September 02, 2026"
2021-01-01,86.8,169.6,World Bank Commodity Markets (Pink Sheet),"September 02, 2026"
2021-02-01,86.7,163.8,World Bank Commodity Markets (Pink Sheet),"September 02, 2026"
2021-03-01,94.9,168.2,World Bank Commodity Markets (Pink Sheet),"September 02, 2026"
2021-04-01,92.2,179.8,World Bank Commodity Markets (Pink Sheet),"September 02, 2026"
2021-05-01,107.0,207.7,World Bank Commodity Markets (Pink Sheet),"September 02, 2026"
2021-06-01,130.0,214.4,World Bank Commodity Markets (Pink Sheet),"September 02, 2026"
2021-07-01,152.0,214.1,World Bank Commodity Markets (Pink Sheet),"September 02, 2026"
2021-08-01,169.6,162.2,World Bank Commodity Markets (Pink Sheet),"September 02, 2026"
2021-09-01,185.7,124.5,World Bank Commodity Markets (Pink Sheet),"September 02, 2026"
2021-10-01,224.5,122.9,World Bank Commodity Markets (Pink Sheet),"September 02, 2026"
2021-11-01,157.5,96.2,World Bank Commodity Markets (Pink Sheet),"September 02, 2026"
2021-12-01,169.7,117.0,World Bank Commodity Markets (Pink Sheet),"September 02, 2026"
2022-01-01,197.0,132.5,World Bank Commodity Markets (Pink Sheet),"September 02, 2026"
2022-02-01,219.8,142.8,World Bank Commodity Markets (Pink Sheet),"September 02, 2026"
2022-03-01,314.0,152.1,World Bank Commodity Markets (Pink Sheet),"September 02, 2026"
2022-04-01,310.9,151.3,World Bank Commodity Markets (Pink Sheet),"September 02, 2026"
2022-05-01,371.9,131.2,World Bank Commodity Markets (Pink Sheet),"September 02, 2026"
2022-06-01,374.1,130.7,World Bank Commodity Markets (Pink Sheet),"September 02, 2026"
2022-07-01,402.2,108.6,World Bank Commodity Markets (Pink Sheet),"September 02, 2026"
2022-08-01,407.0,108.9,World Bank Commodity Markets (Pink Sheet),"September 02, 2026"
2022-09-01,430.8,99.8,World Bank Commodity Markets (Pink Sheet),"September 02, 2026"
2022-10-01,389.8,92.6,World Bank Commodity Markets (Pink Sheet),"September 02, 2026"
2022-11-01,342.2,93.3,World Bank Commodity Markets (Pink Sheet),"September 02, 2026"
2022-12-01,379.2,111.8,World Bank Commodity Markets (Pink Sheet),"September 02, 2026"
2023-01-01,318.0,122.2,World Bank Commodity Markets (Pink Sheet),"September 02, 2026"
2023-02-01,207.5,127.6,World Bank Commodity Markets (Pink Sheet),"September 02, 2026"
2023-03-01,187.2,128.4,World Bank Commodity Markets (Pink Sheet),"September 02, 2026"
2023-04-01,194.3,117.4,World Bank Commodity Markets (Pink Sheet),"September 02, 2026"
2023-05-01,160.5,105.2,World Bank Commodity Markets (Pink Sheet),"September 02, 2026"
2023-06-01,139.4,113.5,World Bank Commodity Markets (Pink Sheet),"September 02, 2026"
2023-07-01,140.6,114.4,World Bank Commodity Markets (Pink Sheet),"September 02, 2026"
2023-08-01,152.6,110.2,World Bank Commodity Markets (Pink Sheet),"September 02, 2026"
2023-09-01,162.5,121.0,World Bank Commodity Markets (Pink Sheet),"September 02, 2026"
2023-10-01,142.1,119.0,World Bank Commodity Markets (Pink Sheet),"September 02, 2026"
2023-11-01,126.8,131.1,World Bank Commodity Markets (Pink Sheet),"September 02, 2026"
2023-12-01,141.8,137.1,World Bank Commodity Markets (Pink Sheet),"September 02, 2026"
2024-01-01,124.9,135.8,World Bank Commodity Markets (Pink Sheet),"September 02, 2026"
2024-02-01,124.2,124.4,World Bank Commodity Markets (Pink Sheet),"September 02, 2026"
2024-03-01,131.5,109.8,World Bank Commodity Markets (Pink Sheet),"September 02, 2026"
2024-04-01,135.0,112.8,World Bank Commodity Markets (Pink Sheet),"September 02, 2026"
2024-05-01,142.0,118.9,World Bank Commodity Markets (Pink Sheet),"September 02, 2026"
2024-06-01,135.1,107.5,World Bank Commodity Markets (Pink Sheet),"September 02, 2026"
2024-07-01,137.6,106.9,World Bank Commodity Markets (Pink Sheet),"September 02, 2026"
2024-08-01,145.8,99.9,World Bank Commodity Markets (Pink Sheet),"September 02, 2026"
2024-09-01,139.2,92.8,World Bank Commodity Markets (Pink Sheet),"September 02, 2026"
2024-10-01,146.6,101.4,World Bank Commodity Markets (Pink Sheet),"September 02, 2026"
2024-11-01,142.1,100.5,World Bank Commodity Markets (Pink Sheet),"September 02, 2026"
2024-12-01,129.8,102.2,World Bank Commodity Markets (Pink Sheet),"September 02, 2026"
2025-01-01,118.6,99.6,World Bank Commodity Markets (Pink Sheet),"September 02, 2026"
2025-02-01,106.9,105.1,World Bank Commodity Markets (Pink Sheet),"September 02, 2026"
2025-03-01,104.0,100.1,World Bank Commodity Markets (Pink Sheet),"September 02, 2026"
2025-04-01,98.6,97.2,World Bank Commodity Markets (Pink Sheet),"September 02, 2026"
2025-05-01,104.4,97.0,World Bank Commodity Markets (Pink Sheet),"September 02, 2026"
2025-06-01,109.0,92.3,World Bank Commodity Markets (Pink Sheet),"September 02, 2026"
2025-07-01,112.9,97.3,World Bank Commodity Markets (Pink Sheet),"September 02, 2026"
2025-08-01,112.2,99.7,World Bank Commodity Markets (Pink Sheet),"September 02, 2026"
2025-09-01,106.3,103.3,World Bank Commodity Markets (Pink Sheet),"September 02, 2026"
2025-10-01,107.5,103.5,World Bank Commodity Markets (Pink Sheet),"September 02, 2026"
2025-11-01,112.6,102.5,World Bank Commodity Markets (Pink Sheet),"September 02, 2026"
2025-12-01,107.7,104.6,World Bank Commodity Markets (Pink Sheet),"September 02, 2026"
2026-01-01,109.8,105.5,World Bank Commodity Markets (Pink Sheet),"September 02, 2026"
2026-02-01,118.4,98.8,World Bank Commodity Markets (Pink Sheet),"September 02, 2026"
2026-03-01,138.6,104.5,World Bank Commodity Markets (Pink Sheet),"September 02, 2026"
2026-04-01,130.9,106.1,World Bank Commodity Markets (Pink Sheet),"September 02, 2026"
2026-05-01,136.9,108.6,World Bank Commodity Markets (Pink Sheet),"September 02, 2026"
2026-06-01,138.5,100.8,World Bank Commodity Markets (Pink Sheet),"September 02, 2026"
2026-07-01,131.9,98.2,World Bank Commodity Markets (Pink Sheet),"September 02, 2026"
2026-08-01,135.2,96.3,World Bank Commodity Markets (Pink Sheet),"September 02, 2026"
